0,0.0003010812506545335
1,0.0002791250008158386
2,0.00037318767863325775
3,0.0005593454116024077
4,0.00031273564673028886
5,0.00014761736383661628
6,0.0003441743610892445
7,0.00014268090308178216
8,0.00028722028946503997
9,0.00020063707779627293
10,0.00026537090889178216
11,0.00016364586190320551
12,0.00031625624978914857
13,0.00010820936586242169
14,0.00046538954484276474
15,0.00011964614532189444
16,0.0008378822822123766
17,0.00011969808838330209
18,0.0008874760824255645
19,0.00028463234775699675
20,0.0008890331955626607
21,0.00011217383143957704
22,0.0008628261275589466
23,0.00011615831317612901
24,0.0011911335168406367
25,0.0002959778648801148
26,0.0011121028801426291
27,0.0001158786253654398
28,0.0014266176149249077
29,7.255271339090541e-05
30,0.001106015290133655
31,0.00012695215991698205
32,0.001614315202459693
33,0.00012012250226689503
34,0.0008273336570709944
35,5.233590127318166e-05
36,0.0017090182518586516
37,0.0003434950194787234
38,0.0018736842321231961
39,0.0001852913264883682
40,0.0022710757330060005
41,0.0005110090714879334
42,0.0021785288117825985
43,0.00046335268416441977
44,0.0018071947852149606
45,6.49569119559601e-05
46,0.0016810890519991517
47,0.0003082594193983823
48,0.002510854508727789
49,0.0003673976752907038
50,0.002586123999208212
51,0.00029776617884635925
52,0.00267947930842638
53,0.00011833394091809168
54,0.001694536884315312
55,0.00030252677970565856
56,0.002235686406493187
57,0.00010005442891269922
58,0.002412966452538967
59,0.0003877565613947809
60,0.0021559912711381912
61,0.00013673229841515422
62,0.0010951068252325058
63,0.0001665330637479201
64,0.0029413728043437004
65,0.0003080154419876635
66,0.004710595589131117
67,0.00022170424927026033
68,0.0027251392602920532
69,0.00019722242723219097
70,0.0033413590863347054
71,0.0008929730392992496
72,0.003746697446331382
73,0.0005358811467885971
74,0.00376456999219954
75,0.001850247965194285
76,0.004725763574242592
77,0.00044224419980309904
78,0.004056738223880529
79,0.0015740363160148263
80,0.003681434318423271
81,0.001178611651994288
82,0.0041443901136517525
83,0.00034521473571658134
84,0.0028652322944253683
85,0.0005317183677107096
86,0.00805724412202835
87,0.001049458864144981
88,0.0034658927470445633
89,0.0005810310249216855
90,0.0036633089184761047
91,0.0006381429266184568
92,0.005142856389284134
93,0.0009937454015016556
94,0.006848147138953209
95,0.0012489560758695006
96,0.006570242345333099
97,0.0016968181589618325
98,0.005557206459343433
99,0.001140860142186284
100,0.006947453133761883
101,0.0017372312722727656
102,0.007040115538984537
103,0.0018868863116949797
104,0.010621695779263973
105,0.0011948473984375596
106,0.0072251600213348866
107,0.002341121667996049
108,0.008926223032176495
109,0.0030971411615610123
110,0.008210713975131512
111,0.002837785053998232
112,0.009280001744627953
113,0.004099710378795862
114,0.007997293956577778
115,0.00341880158521235
116,0.009941048920154572
117,0.0031499317847192287
118,0.006727590225636959
119,0.002952767536044121
120,0.008407246321439743
121,0.0020740351174026728
122,0.006311386823654175
123,0.002463016426190734
124,0.00843050517141819
125,0.004418405704200268
126,0.00824657455086708
127,0.0012745443964377046
128,0.007846834138035774
129,0.0022453723940998316
130,0.007021768484264612
131,0.004102446138858795
132,0.008190776221454144
133,0.001763003645464778
134,0.005789707414805889
135,0.0023362014908343554
136,0.007499351631850004
137,0.0029386989772319794
138,0.005177221726626158
139,0.002453060122206807
140,0.0069374339655041695
141,0.001771462382748723
142,0.007033807225525379
143,0.0024241849314421415
144,0.00474715419113636
145,0.0018062293529510498
146,0.005001860670745373
147,0.001950942794792354
148,0.005199994891881943
149,0.0026951958425343037
150,0.004122443497180939
151,0.0014479962410405278
152,0.004213619977235794
153,0.002131572924554348
154,0.004325153771787882
155,0.001382110407575965
156,0.004250578116625547
157,0.0014236646238714457
158,0.0037508823443204165
159,0.0011711281258612871
160,0.004070889204740524
161,0.0019411821849644184
162,0.0025607110001146793
163,0.0018066399497911334
164,0.003912667278200388
165,0.002406681887805462
166,0.002673706039786339
167,0.0014207223430275917
168,0.002686295658349991
169,0.0017181949224323034
170,0.0035835099406540394
171,0.0018257005140185356
172,0.0032606860622763634
173,0.0024345354177057743
174,0.002665342064574361
175,0.0019710862543433905
176,0.00299554830417037
177,0.0022149113938212395
178,0.003861677832901478
179,0.0015902095474302769
180,0.003815793665125966
181,0.001835727016441524
182,0.003357327077537775
183,0.0016236520605161786
184,0.0027151627000421286
185,0.0020525753498077393
186,0.003764669643715024
187,0.0015058055287227035
188,0.00359060219489038
189,0.0015917831333354115
190,0.004083469044417143
191,0.0011380992364138365
192,0.004227395169436932
193,0.0017130334163084626
194,0.0025713620707392693
195,0.001348334364593029
196,0.0033680552151054144
197,0.0015107417711988091
198,0.0030225629452615976
199,0.0018445433815941215
200,0.0024763555265963078
201,0.0017424911493435502
202,0.002838394371792674
203,0.0021516103297472
204,0.002429463667795062
205,0.0008718190947547555
206,0.0035513376351445913
207,0.002187109086662531
208,0.002905006054788828
209,0.002397536300122738
210,0.002398671582341194
211,0.0020707957446575165
212,0.0035431215073913336
213,0.0017561764689162374
214,0.002949254820123315
215,0.0018506798660382628
216,0.002491346327587962
217,0.001620085327886045
218,0.003339759772643447
219,0.001398906810209155
220,0.0033584346529096365
221,0.0019689551554620266
222,0.003413227153941989
223,0.0025260290130972862
224,0.0026181344874203205
225,0.0017822152003645897
226,0.002461304422467947
227,0.0020889765582978725
228,0.003381794085726142
229,0.0022392072714865208
230,0.0029631180223077536
231,0.0016727253096178174
232,0.0036633252166211605
233,0.0019859555177390575
234,0.002751388121396303
235,0.0018456614343449473
236,0.0034003632608801126
237,0.003532367292791605
238,0.002743540797382593
239,0.0015267102280631661
240,0.004073420539498329
241,0.001845377148129046
242,0.002551381941884756
243,0.002745743840932846
244,0.0025990197900682688
245,0.002360075945034623
246,0.0019117040792480111
247,0.0021468240302056074
248,0.0031708788592368364
249,0.00260596233420074
250,0.00431774603202939
251,0.0027966059278696775
252,0.002909332513809204
253,0.0015992625849321485
254,0.0030083819292485714
255,0.0022441106848418713
256,0.003236094256862998
257,0.0025268627796322107
258,0.0032879034988582134
259,0.0019889373797923326
260,0.002948328386992216
261,0.001913463231176138
262,0.0037213689647614956
263,0.002162490738555789
264,0.003171856515109539
265,0.0023656077682971954
266,0.0027655030135065317
267,0.001371891936287284
268,0.0028191814199090004
269,0.002255874453112483
270,0.0038616512902081013
271,0.001488124136812985
272,0.0023473589681088924
273,0.0025527095422148705
274,0.003718068590387702
275,0.003351503284648061
276,0.0029960311949253082
277,0.0015697804046794772
278,0.0026279196608811617
279,0.002082783030346036
280,0.0023304487112909555
281,0.0037049753591418266
282,0.003196182893589139
283,0.002159809460863471
284,0.001970618264749646
285,0.002628841670230031
286,0.0032333056442439556
287,0.0022355811670422554
288,0.0026571284979581833
289,0.0017293831333518028
290,0.0023306761868298054
291,0.0022135477047413588
292,0.0028633340261876583
293,0.002292008837684989
294,0.0025236536748707294
295,0.0033481845166534185
296,0.0021501986775547266
297,0.002418135292828083
298,0.0023867201525717974
299,0.002464328659698367
300,0.0025392991956323385
301,0.002447222825139761
302,0.0025546567048877478
303,0.001959090121090412
304,0.0027520963922142982
305,0.0028276601806282997
306,0.0024405557196587324
307,0.0022216797806322575
308,0.002152762608602643
309,0.002133016474545002
310,0.0019004952628165483
311,0.002304216381162405
312,0.0022977995686233044
313,0.002331498544663191
314,0.003251048270612955
315,0.00268839905038476
316,0.0022506879176944494
317,0.001911643659695983
318,0.002485475968569517
319,0.0015924305189400911
320,0.002614241326227784
321,0.0023708734661340714
322,0.0029195675160735846
323,0.002110605826601386
324,0.002395849907770753
325,0.002902215113863349
326,0.0024882666766643524
327,0.0024649749975651503
328,0.00221002334728837
329,0.0028040045872330666
330,0.003461563726887107
331,0.002561599016189575
332,0.0030354915652424097
333,0.003130824537947774
334,0.001975495833903551
335,0.0027420218102633953
336,0.0020106208976358175
337,0.0025063001085072756
338,0.002220774767920375
339,0.002764879260212183
340,0.0021045661997050047
341,0.0029384733643382788
342,0.0030473440419882536
343,0.0022980973590165377
344,0.0021930739749222994
345,0.0024865949526429176
346,0.002182665979489684
347,0.0020585115998983383
348,0.0015425090678036213
349,0.002332109259441495
350,0.002077657263725996
351,0.0027998124714940786
352,0.0023115151561796665
353,0.0018021534197032452
354,0.002892464632168412
355,0.0022410282399505377
356,0.002405040431767702
357,0.0024937803391367197
358,0.0015451774233952165
359,0.003032770473510027
360,0.002393002388998866
361,0.0027547574136406183
362,0.00336052430793643
363,0.00279063219204545
364,0.002185693709179759
365,0.0022373616229742765
366,0.0027655987069010735
367,0.0023475023917853832
368,0.003366695949807763
369,0.0017937207594513893
370,0.002037042984738946
371,0.002066232031211257
372,0.002224883297458291
373,0.0025902441702783108
374,0.0026980205439031124
375,0.0021764247212558985
376,0.0021331398747861385
377,0.0023844698444008827
378,0.002157477894797921
379,0.003122298512607813
380,0.0015996926231309772
381,0.0015948546351864934
382,0.0027150926180183887
383,0.0033263361547142267
384,0.0024402800481766462
385,0.003063592128455639
386,0.002594549907371402
387,0.0028438009321689606
388,0.0032324062194675207
389,0.002696997718885541
390,0.0018982132896780968
391,0.0037708294112235308
392,0.002342890715226531
393,0.0026305567007511854
394,0.0022879827301949263
395,0.0036683245562016964
396,0.002609282499179244
397,0.003313027787953615
398,0.0029201421421021223
399,0.0025350397918373346
400,0.002741943346336484
401,0.00310925068333745
402,0.002424011006951332
403,0.001714753219857812
404,0.001981534995138645
405,0.0021346970461308956
406,0.0021573014091700315
407,0.0030047353357076645
408,0.0028949829284101725
409,0.002139481483027339
410,0.0024440977722406387
411,0.002518787980079651
412,0.0024887151084840298
413,0.0020544803701341152
414,0.003023475408554077
415,0.002797626191750169
416,0.0017706037033349276
417,0.002439642557874322
418,0.00216321530751884
419,0.002092927461490035
420,0.0024863076396286488
421,0.00333432131446898
422,0.0024248661939054728
423,0.0021329123992472887
424,0.0026133661158382893
425,0.0019680249970406294
426,0.0025423946790397167
427,0.001874502282589674
428,0.0030615348368883133
429,0.0016572492895647883
430,0.002174313412979245
431,0.0027582277543842793
432,0.0025604243855923414
433,0.0023254568222910166
434,0.0026388810947537422
435,0.0018279177602380514
436,0.002159715164452791
437,0.0023690431844443083
438,0.0029645594768226147
439,0.0026160969864577055
440,0.002475349698215723
441,0.002616425510495901
442,0.002270523691549897
443,0.0022623762488365173
444,0.0024495364632457495
445,0.0024084036704152822
446,0.0022814178373664618
447,0.0018943034810945392
448,0.0017889775335788727
449,0.001795405289158225
450,0.0024085291661322117
451,0.0026825559325516224
452,0.002486705780029297
453,0.0019011868862435222
454,0.003817492863163352
455,0.0024732216261327267
456,0.003025942947715521
457,0.0019079005578532815
458,0.0019346615299582481
459,0.002868477487936616
460,0.0025204208213835955
461,0.002583169611170888
462,0.0013749480713158846
463,0.0020053067710250616
464,0.0024658781476318836
465,0.002189238090068102
466,0.0036893459036946297
467,0.0016713944496586919
468,0.0025689881294965744
469,0.0025015976279973984
470,0.0031440728344023228
471,0.0022144862450659275
472,0.003011711873114109
473,0.0025621119420975447
474,0.002957836724817753
475,0.0017388033447787166
476,0.0017589156050235033
477,0.0024980411399155855
478,0.002061261795461178
479,0.002831058343872428
480,0.0025075674057006836
481,0.0019847494550049305
482,0.002016631420701742
483,0.0017807487165555358
484,0.002093265065923333
485,0.001996039878576994
486,0.0026002225931733847
487,0.0025632332544773817
488,0.001956370659172535
489,0.002365173539146781
490,0.0021142829209566116
491,0.0024278564378619194
492,0.0024489369243383408
493,0.001931327860802412
494,0.0020965714938938618
495,0.002003924921154976
496,0.001905372366309166
497,0.0025484447833150625
498,0.0020994427613914013
499,0.0024684611707925797
