0,1.4567382335662842
1,-0.2312307357788086
2,0.6313955783843994
3,0.9357879161834717
4,1.4863100051879883
5,1.3230602741241455
6,2.167555570602417
7,1.5375862121582031
8,2.08280873298645
9,1.9602525234222412
10,2.4921274185180664
11,1.6956040859222412
12,2.4489479064941406
13,2.286895513534546
14,2.311201572418213
15,2.623173952102661
16,2.1846418380737305
17,2.2877402305603027
18,2.514025926589966
19,2.078845977783203
20,2.4098713397979736
21,2.187497854232788
22,2.246372699737549
23,2.7432403564453125
24,2.924290895462036
25,2.7230384349823
26,2.9698638916015625
27,2.6478500366210938
28,2.704331874847412
29,3.087353467941284
30,2.2934651374816895
31,2.3741846084594727
32,3.078718662261963
33,2.780205249786377
34,3.0028951168060303
35,3.354266881942749
36,2.7888381481170654
37,2.972046136856079
38,3.2653157711029053
39,2.8821794986724854
40,3.4637155532836914
41,3.6868720054626465
42,3.203965902328491
43,3.6323323249816895
44,3.1853744983673096
45,3.714751958847046
46,3.343539237976074
47,3.4521591663360596
48,3.344729423522949
49,3.6878762245178223
50,3.242255926132202
51,3.5925254821777344
52,3.5099024772644043
53,3.6831815242767334
54,3.6668200492858887
55,3.6106455326080322
56,3.7024271488189697
57,3.6968815326690674
58,3.6858553886413574
59,3.6770870685577393
60,3.6822378635406494
61,3.8801615238189697
62,3.6881415843963623
63,3.7180304527282715
64,3.6786932945251465
65,3.667349100112915
66,3.689396619796753
67,3.704204797744751
68,3.6947710514068604
69,3.6929171085357666
70,3.6953084468841553
71,3.7063357830047607
72,3.7002463340759277
73,3.689101457595825
74,4.071518898010254
75,3.760920524597168
76,3.7136027812957764
77,3.7670302391052246
78,3.791459798812866
79,3.6992604732513428
80,3.7753498554229736
81,3.921353340148926
82,3.8334567546844482
83,3.735727548599243
84,3.9612786769866943
85,3.6794071197509766
86,3.771699905395508
87,3.698503017425537
88,3.760958194732666
89,3.90466046333313
90,3.939579963684082
91,3.888866424560547
92,3.7632951736450195
93,3.999908208847046
94,4.1857590675354
95,4.112604141235352
96,3.7193362712860107
97,3.9559102058410645
98,4.1176276206970215
99,4.063425540924072
100,3.8134052753448486
101,3.708915948867798
102,3.6938421726226807
103,4.000058650970459
104,4.016851425170898
105,3.6712398529052734
106,4.17864990234375
107,4.075246810913086
108,4.15125846862793
109,3.8083336353302
110,4.048874855041504
111,2.142174243927002
112,3.8997607231140137
113,3.678778648376465
114,3.707557439804077
115,3.6827478408813477
116,4.115353584289551
117,4.013565540313721
118,3.7133049964904785
119,4.221823215484619
120,4.0295209884643555
121,4.122259140014648
122,3.7333500385284424
123,4.110265731811523
124,4.133518218994141
125,4.096383094787598
126,3.9621071815490723
127,4.01349401473999
128,3.9140470027923584
129,4.126122951507568
130,3.7060508728027344
131,4.066676139831543
132,4.100217819213867
133,3.892392873764038
134,4.215855121612549
135,4.1045637130737305
136,4.192313194274902
137,4.036464691162109
138,4.164297580718994
139,3.9558777809143066
140,4.264102458953857
141,3.9539759159088135
142,3.978524684906006
143,4.0115203857421875
144,4.1159820556640625
145,3.68609881401062
146,4.143441200256348
147,4.199308395385742
148,3.978332996368408
149,4.006946563720703
150,3.858106851577759
151,3.982847213745117
152,4.145651817321777
153,3.944490909576416
154,3.998098850250244
155,4.025579452514648
156,4.053923606872559
157,4.213834762573242
158,4.020820140838623
159,4.168059349060059
160,4.161717891693115
161,4.0703020095825195
162,3.935912609100342
163,4.181190490722656
164,4.299603462219238
165,4.2482709884643555
166,4.119717597961426
167,4.030256271362305
168,4.213126182556152
169,4.029653549194336
170,4.102555274963379
171,4.133886337280273
172,4.201932907104492
173,4.073413848876953
174,4.018607139587402
175,4.23760986328125
176,4.1052398681640625
177,4.183038711547852
178,3.9619009494781494
179,3.980360269546509
180,4.147783279418945
181,4.051250457763672
182,4.084423065185547
183,4.24052619934082
184,4.122203826904297
185,4.063839912414551
186,4.042109489440918
187,4.161731719970703
188,3.986874580383301
189,4.057356834411621
190,3.997568130493164
191,4.067303657531738
192,3.992929697036743
193,4.007147312164307
194,4.014684200286865
195,4.033477783203125
196,4.030646324157715
197,4.01504373550415
198,3.978808641433716
199,3.9876701831817627
200,4.355267524719238
201,4.052877902984619
202,4.387545585632324
203,4.067195415496826
204,4.008452415466309
205,3.730231523513794
206,4.42850399017334
207,4.098179340362549
208,4.050514221191406
209,4.088061332702637
210,4.353229522705078
211,4.141641139984131
212,4.40593147277832
213,4.046580791473389
214,3.9930405616760254
215,4.129115104675293
216,4.262243270874023
217,4.336403846740723
218,4.004232883453369
219,4.2257280349731445
220,4.0234880447387695
221,4.315186500549316
222,4.043022155761719
223,4.3769097328186035
224,3.9936704635620117
225,4.130017280578613
226,4.207798957824707
227,4.287597179412842
228,4.103466987609863
229,4.140288352966309
230,4.346805572509766
231,4.394250392913818
232,4.014296531677246
233,4.118713855743408
234,4.222183704376221
235,4.378114700317383
236,4.373715877532959
237,4.564681053161621
238,4.291016578674316
239,4.150554180145264
240,4.241663455963135
241,4.275235176086426
242,4.39070987701416
243,4.357989311218262
244,4.341578483581543
245,4.393753528594971
246,4.080361366271973
247,4.152950286865234
248,4.265322685241699
249,4.349109172821045
250,3.7153868675231934
251,4.318968772888184
252,4.273137092590332
253,4.095303058624268
254,4.324990272521973
255,4.41259241104126
256,4.050366401672363
257,4.037594795227051
258,4.110903739929199
259,4.287250995635986
260,4.4375739097595215
261,4.359665870666504
262,4.244327545166016
263,4.324169158935547
264,4.176519393920898
265,4.382895469665527
266,4.327633857727051
267,4.397221565246582
268,3.681144952774048
269,4.372694969177246
270,4.200066566467285
271,4.374453067779541
272,4.364863395690918
273,4.492471218109131
274,4.5729079246521
275,4.45386266708374
276,4.56077766418457
277,4.434809684753418
278,4.33352518081665
279,4.464015960693359
280,4.431082725524902
281,4.342627048492432
282,4.01772928237915
283,4.03530216217041
284,4.30113410949707
285,3.9920451641082764
286,5.184056758880615
287,4.525881767272949
288,4.853046417236328
289,4.04410457611084
290,5.372736930847168
291,4.699971675872803
292,5.0828752517700195
293,4.853176593780518
294,4.496016025543213
295,4.497424125671387
296,4.298830986022949
297,4.486782073974609
298,3.9773950576782227
299,4.880667686462402
300,4.691299915313721
301,4.310522079467773
302,4.618330955505371
303,4.6387481689453125
304,5.004422664642334
305,4.487067699432373
306,4.699184417724609
307,4.66245698928833
308,3.987093687057495
309,4.911219596862793
310,5.1493821144104
311,4.58149528503418
312,4.309739589691162
313,4.944100379943848
314,5.066874027252197
315,5.202818393707275
316,4.389887809753418
317,4.382505893707275
318,4.805294990539551
319,5.106403350830078
320,4.848344802856445
321,5.174140453338623
322,5.03656530380249
323,4.274962425231934
324,5.068107604980469
325,4.388179779052734
326,5.241426467895508
327,4.5942206382751465
328,4.239631652832031
329,5.099106788635254
330,5.247696876525879
331,4.370156288146973
332,2.0752065181732178
333,5.294955253601074
334,5.276337623596191
335,5.369922161102295
336,4.275691509246826
337,1.7292470932006836
338,4.8475542068481445
339,5.230995178222656
340,5.176454544067383
341,5.133446216583252
342,4.864972114562988
343,4.636584281921387
344,5.07093620300293
345,5.187186241149902
346,5.178285598754883
347,4.282301425933838
348,4.945509433746338
349,4.105489730834961
350,4.758010387420654
351,4.7008819580078125
352,4.3530778884887695
353,4.0428009033203125
354,5.204985618591309
355,5.0865797996521
356,5.026677131652832
357,5.15360164642334
358,4.657868385314941
359,4.232090950012207
360,5.352697849273682
361,5.469796180725098
362,4.475838661193848
363,5.354145050048828
364,5.405619144439697
365,5.069077968597412
366,5.427504539489746
367,5.0292510986328125
368,5.067906379699707
369,5.063291549682617
370,4.807808876037598
371,5.387457847595215
372,5.156397819519043
373,5.334258079528809
374,5.342703819274902
375,5.325361251831055
376,4.1329851150512695
377,5.136441230773926
378,5.476620674133301
379,4.845569610595703
380,5.410092353820801
381,5.2215118408203125
382,5.439594745635986
383,4.8616943359375
384,5.412729740142822
385,4.646138668060303
386,5.263949871063232
387,5.3066630363464355
388,4.831729888916016
389,5.316085338592529
390,4.922739028930664
391,4.3240132331848145
392,5.086913108825684
393,5.2184858322143555
394,5.292015075683594
395,5.331894397735596
396,5.2147064208984375
397,5.312520980834961
398,5.053666114807129
399,5.472392559051514
400,5.496399402618408
401,5.461617469787598
402,4.093916893005371
403,3.8943912982940674
404,5.366647243499756
405,3.5791475772857666
406,5.44055700302124
407,2.0474581718444824
408,5.423736095428467
409,5.544554233551025
410,5.4957075119018555
411,4.873505592346191
412,5.399022102355957
413,4.898490905761719
414,4.017570495605469
415,5.394484996795654
416,5.066000938415527
417,4.815885066986084
418,5.167142868041992
419,5.400176048278809
420,5.108754634857178
421,5.164402008056641
422,5.373012065887451
423,4.356314659118652
424,5.257192134857178
425,5.435861110687256
426,5.161964416503906
427,5.255280017852783
428,5.173553466796875
429,5.369059085845947
430,5.31243371963501
431,4.076755046844482
432,4.021795272827148
433,5.253203868865967
434,4.988134860992432
435,5.255832672119141
436,5.348269939422607
437,5.338038444519043
438,5.5536699295043945
439,5.422646522521973
440,4.8989691734313965
441,4.0156660079956055
442,3.9731192588806152
443,5.304299831390381
444,5.319293022155762
445,5.480958938598633
446,5.484441757202148
447,5.115273952484131
448,5.322506904602051
449,5.315669059753418
450,5.535921573638916
451,5.336363315582275
452,5.2369842529296875
453,4.825514316558838
454,5.4158616065979
455,4.0662970542907715
456,4.012086868286133
457,5.53800630569458
458,4.990620136260986
459,5.438704967498779
460,4.862809658050537
461,4.031017303466797
462,5.007415294647217
463,4.893385410308838
464,4.801167011260986
465,5.436708927154541
466,4.062315940856934
467,4.1444268226623535
468,5.448509216308594
469,5.273649215698242
470,5.520822525024414
471,4.035492897033691
472,5.229336738586426
473,4.92396354675293
474,5.088861465454102
475,5.545141696929932
476,3.8978919982910156
477,4.297723293304443
478,5.376254081726074
479,5.094030857086182
480,3.838395833969116
481,5.194242000579834
482,5.413663864135742
483,5.2684197425842285
484,5.236352443695068
485,5.150063991546631
486,4.856822967529297
487,5.485170841217041
488,5.187101364135742
489,5.486443996429443
490,5.421731948852539
491,5.030942916870117
492,4.122260093688965
493,5.258848190307617
494,4.963693618774414
495,5.08622932434082
496,4.569872856140137
497,5.24775505065918
498,5.204585075378418
499,5.433929920196533
