0,0.35600852966308594
1,-0.6349844932556152
2,0.0015704631805419922
3,0.058830976486206055
4,0.5593421459197998
5,0.2375631332397461
6,1.0371806621551514
7,0.34418487548828125
8,0.4650535583496094
9,0.9777412414550781
10,1.0272388458251953
11,0.6856074333190918
12,1.527935266494751
13,1.3310582637786865
14,0.9207947254180908
15,1.5890836715698242
16,1.1924800872802734
17,1.3888673782348633
18,1.4298205375671387
19,1.22857666015625
20,1.5411484241485596
21,1.0379424095153809
22,1.329831600189209
23,1.6714708805084229
24,1.758927583694458
25,0.858511209487915
26,1.882134199142456
27,1.197343111038208
28,1.6608235836029053
29,1.4743022918701172
30,1.2859113216400146
31,1.3175852298736572
32,1.8256983757019043
33,1.9581246376037598
34,2.14294695854187
35,2.0811946392059326
36,1.8970649242401123
37,1.7075927257537842
38,2.13356876373291
39,1.4914398193359375
40,2.422049045562744
41,2.355177164077759
42,2.1944940090179443
43,2.4595134258270264
44,1.8428497314453125
45,2.6874849796295166
46,2.187638998031616
47,1.5020980834960938
48,2.2362725734710693
49,2.9320826530456543
50,2.2143924236297607
51,2.3693580627441406
52,2.399268627166748
53,2.8026223182678223
54,2.7487337589263916
55,2.621309757232666
56,3.2834603786468506
57,3.1764323711395264
58,2.6517333984375
59,2.4488680362701416
60,3.1369028091430664
61,3.411104917526245
62,2.6856460571289062
63,3.46336030960083
64,2.7466561794281006
65,2.308659553527832
66,3.037196636199951
67,2.919081926345825
68,2.9036176204681396
69,3.409823417663574
70,3.303363800048828
71,3.0821704864501953
72,3.4274747371673584
73,3.1710517406463623
74,3.574506998062134
75,3.3847908973693848
76,2.9340522289276123
77,3.0978188514709473
78,3.454824924468994
79,3.5712101459503174
80,3.5517935752868652
81,3.6198229789733887
82,3.520399808883667
83,3.573427438735962
84,3.6000640392303467
85,3.5117146968841553
86,3.5292274951934814
87,3.5784921646118164
88,3.5881614685058594
89,3.6698312759399414
90,3.6650123596191406
91,3.537055253982544
92,3.312007188796997
93,3.623202323913574
94,3.6588051319122314
95,3.6463561058044434
96,3.6589643955230713
97,3.5980379581451416
98,3.658857583999634
99,3.6547141075134277
100,3.6183485984802246
101,3.6294291019439697
102,3.637056589126587
103,3.664141893386841
104,3.649373769760132
105,3.609396457672119
106,3.672032594680786
107,3.659712314605713
108,3.6755001544952393
109,3.6960315704345703
110,3.6853690147399902
111,1.9131860733032227
112,3.5824239253997803
113,3.645897388458252
114,3.6563327312469482
115,3.6118011474609375
116,3.6832435131073
117,3.672337532043457
118,3.670496940612793
119,3.663501024246216
120,3.682870864868164
121,3.686556577682495
122,3.678633451461792
123,3.687803030014038
124,3.681467294692993
125,3.6596992015838623
126,3.709925413131714
127,3.653324842453003
128,3.6885673999786377
129,3.6511166095733643
130,3.692500114440918
131,3.689826011657715
132,3.789097785949707
133,3.6713597774505615
134,3.669311046600342
135,3.6590545177459717
136,3.6681900024414062
137,3.6713030338287354
138,3.6853246688842773
139,3.883391857147217
140,3.6762235164642334
141,3.858524799346924
142,3.6741957664489746
143,1.884552240371704
144,3.696002244949341
145,3.6541459560394287
146,3.7057132720947266
147,3.671898603439331
148,3.669384479522705
149,3.681136131286621
150,3.631937265396118
151,3.6790549755096436
152,3.637657642364502
153,3.687148094177246
154,3.634438991546631
155,3.697690963745117
156,3.646139621734619
157,3.6568543910980225
158,3.6702821254730225
159,3.6657979488372803
160,3.390681266784668
161,3.886000871658325
162,3.665221691131592
163,3.694800853729248
164,3.6623682975769043
165,3.69205641746521
166,3.5899105072021484
167,3.674294948577881
168,3.6762075424194336
169,3.849771022796631
170,3.9073431491851807
171,3.9066286087036133
172,3.689682960510254
173,3.619121789932251
174,3.8866686820983887
175,3.667398691177368
176,3.8710806369781494
177,3.6780343055725098
178,3.6386420726776123
179,3.8401432037353516
180,3.6508102416992188
181,3.684110641479492
182,3.6787843704223633
183,3.68498158454895
184,3.7052698135375977
185,3.8646745681762695
186,3.6324031352996826
187,3.659672975540161
188,3.6664984226226807
189,3.6704587936401367
190,3.8976657390594482
191,3.851149082183838
192,3.8578941822052
193,3.880026340484619
194,3.9079644680023193
195,3.88651180267334
196,3.6764345169067383
197,3.879701852798462
198,3.6675751209259033
199,3.6815977096557617
200,3.689345359802246
201,3.6665802001953125
202,3.6614670753479004
203,3.7044613361358643
204,3.794494152069092
205,3.7062056064605713
206,3.6775002479553223
207,3.68060302734375
208,3.8268883228302
209,3.6820571422576904
210,3.6501152515411377
211,3.601106643676758
212,3.6871578693389893
213,3.6480281352996826
214,3.853858232498169
215,3.9336423873901367
216,3.6669352054595947
217,3.6539602279663086
218,3.684429168701172
219,3.683345079421997
220,3.8324813842773438
221,3.6881072521209717
222,3.7081100940704346
223,3.839905023574829
224,3.6564536094665527
225,3.6883842945098877
226,3.687708854675293
227,3.6902353763580322
228,3.855647563934326
229,3.9277429580688477
230,3.687196731567383
231,3.624105215072632
232,3.8854188919067383
233,3.7867767810821533
234,3.7006874084472656
235,3.705035924911499
236,3.6861491203308105
237,3.6009232997894287
238,3.690242290496826
239,3.724726438522339
240,3.6479296684265137
241,3.5884478092193604
242,3.6286556720733643
243,3.679596185684204
244,3.6877541542053223
245,3.620821952819824
246,3.57715106010437
247,3.659884452819824
248,3.6494123935699463
249,3.6791067123413086
250,3.69231915473938
251,3.6546177864074707
252,3.8957953453063965
253,3.701693058013916
254,3.663778066635132
255,3.679119348526001
256,3.6972243785858154
257,3.704348564147949
258,3.697032928466797
259,3.6892130374908447
260,3.680769443511963
261,3.7005295753479004
262,3.687762975692749
263,3.6715590953826904
264,3.6779215335845947
265,3.669295072555542
266,3.68527889251709
267,3.782139539718628
268,3.6624770164489746
269,3.68741774559021
270,3.7048990726470947
271,3.8029065132141113
272,3.6513478755950928
273,3.6245152950286865
274,3.6700334548950195
275,3.6833622455596924
276,3.684753179550171
277,3.704261064529419
278,3.8867075443267822
279,3.7849345207214355
280,3.662688732147217
281,3.511739492416382
282,3.7085764408111572
283,3.8609731197357178
284,3.6178276538848877
285,3.8692469596862793
286,3.68125581741333
287,3.662306308746338
288,3.681030035018921
289,3.677340507507324
290,2.001373052597046
291,2.040565013885498
292,3.6836798191070557
293,3.9084086418151855
294,3.6790385246276855
295,3.7523772716522217
296,3.661998748779297
297,3.674919843673706
298,3.6185338497161865
299,3.689577579498291
300,3.5299649238586426
301,3.6314144134521484
302,3.685914993286133
303,3.6578311920166016
304,3.6590325832366943
305,3.7040624618530273
306,3.699951410293579
307,3.700958013534546
308,3.8955862522125244
309,3.674447536468506
310,3.6154088973999023
311,3.892547607421875
312,3.6848862171173096
313,3.6950573921203613
314,3.699845790863037
315,3.6733078956604004
316,3.704810380935669
317,3.6783084869384766
318,3.6469485759735107
319,3.695927143096924
320,3.675119638442993
321,3.6842799186706543
322,3.863755464553833
323,3.6548428535461426
324,3.686984062194824
325,3.691800832748413
326,3.675119161605835
327,3.6979496479034424
328,3.6892940998077393
329,3.672379732131958
330,3.7055294513702393
331,3.598912000656128
332,1.978531837463379
333,3.6846368312835693
334,3.654794216156006
335,3.648143768310547
336,2.6765170097351074
337,1.6337785720825195
338,2.3136730194091797
339,3.6857657432556152
340,3.6668336391448975
341,3.587705373764038
342,3.4677765369415283
343,3.5581233501434326
344,3.711942195892334
345,3.6872804164886475
346,3.3755006790161133
347,3.7092227935791016
348,3.6287198066711426
349,3.8578150272369385
350,3.690429449081421
351,3.670276641845703
352,3.7774875164031982
353,3.856045722961426
354,3.7264015674591064
355,3.685368537902832
356,3.6734423637390137
357,3.700101137161255
358,3.694230318069458
359,3.839212417602539
360,3.7775802612304688
361,3.6971967220306396
362,3.691663980484009
363,3.683164358139038
364,3.640742778778076
365,3.676177501678467
366,3.893479824066162
367,3.6801609992980957
368,3.6089327335357666
369,3.4268901348114014
370,2.3484644889831543
371,3.6008849143981934
372,2.5647668838500977
373,2.9729044437408447
374,3.6545560359954834
375,3.8104004859924316
376,3.6645901203155518
377,3.6702184677124023
378,3.6714882850646973
379,3.570185899734497
380,3.668534755706787
381,3.6854381561279297
382,3.660569429397583
383,3.679609775543213
384,3.6902778148651123
385,3.6894309520721436
386,3.398545026779175
387,2.11521577835083
388,2.081211805343628
389,2.0508434772491455
390,1.970670461654663
391,3.191080331802368
392,3.6706745624542236
393,3.693794012069702
394,3.4711365699768066
395,3.659764289855957
396,3.8168787956237793
397,3.894416570663452
398,3.7156546115875244
399,3.691559076309204
400,3.666717052459717
401,3.646088123321533
402,3.933135747909546
403,3.8035740852355957
404,3.172041416168213
405,1.4956305027008057
406,3.6858325004577637
407,1.9065639972686768
408,3.6596086025238037
409,3.233231544494629
410,3.959479808807373
411,3.6910111904144287
412,3.691443920135498
413,3.868567943572998
414,3.8588569164276123
415,3.6799817085266113
416,3.6561059951782227
417,2.794081687927246
418,3.6951982975006104
419,3.908599376678467
420,3.661914348602295
421,3.6674723625183105
422,3.6741020679473877
423,3.684542417526245
424,3.7017271518707275
425,3.701367139816284
426,3.2273473739624023
427,3.687495708465576
428,3.7059521675109863
429,3.6625683307647705
430,2.770688056945801
431,3.788459300994873
432,3.9754810333251953
433,1.5777301788330078
434,3.666473627090454
435,3.675513505935669
436,3.283238172531128
437,3.2863378524780273
438,3.7081735134124756
439,3.6590309143066406
440,3.7104663848876953
441,3.9043915271759033
442,3.8933842182159424
443,3.677218198776245
444,3.7002580165863037
445,3.659148693084717
446,3.8855416774749756
447,3.683732509613037
448,3.662724256515503
449,3.6495187282562256
450,3.6595406532287598
451,3.537444591522217
452,3.6934094429016113
453,3.6394102573394775
454,3.6784918308258057
455,3.6713078022003174
456,3.9140586853027344
457,3.686340093612671
458,3.71583890914917
459,3.6694486141204834
460,3.6637542247772217
461,2.6266252994537354
462,3.7128078937530518
463,3.6895010471343994
464,2.1118528842926025
465,1.988030195236206
466,3.670387029647827
467,3.7025275230407715
468,3.695845127105713
469,3.673398494720459
470,2.6699066162109375
471,2.336744785308838
472,3.6873927116394043
473,3.699223518371582
474,3.6640563011169434
475,3.6650166511535645
476,3.6879308223724365
477,3.7222769260406494
478,3.703892946243286
479,3.7190401554107666
480,2.5963222980499268
481,3.66973614692688
482,3.6803407669067383
483,3.715520143508911
484,3.6927096843719482
485,3.676039934158325
486,3.6916282176971436
487,3.667181968688965
488,3.581320285797119
489,3.618351936340332
490,3.6833078861236572
491,3.607332706451416
492,3.901871919631958
493,3.693057060241699
494,3.677715539932251
495,3.7161645889282227
496,3.6585335731506348
497,3.6442465782165527
498,3.7008590698242188
499,3.6723532676696777
