0,-0.9366325736045837
1,-16.81080436706543
2,-12.495869636535645
3,-5.575257301330566
4,-15.64661979675293
5,-22.403438568115234
6,-11.006604194641113
7,-0.9462594985961914
8,-2.558898448944092
9,0.4441942572593689
10,-0.3307216763496399
11,-0.024465054273605347
12,0.6884317398071289
13,0.04256194829940796
14,1.122877836227417
15,2.2334065437316895
16,2.0171732902526855
17,1.7651304006576538
18,1.947801113128662
19,2.435379981994629
20,2.1819610595703125
21,2.339822292327881
22,2.4790449142456055
23,2.6822996139526367
24,2.203646421432495
25,2.537431001663208
26,2.389082193374634
27,2.2469944953918457
28,2.36887526512146
29,1.8138922452926636
30,2.2752397060394287
31,2.368154287338257
32,2.6681699752807617
33,2.4886722564697266
34,2.2988176345825195
35,2.0071771144866943
36,1.7334500551223755
37,2.1241722106933594
38,2.152143716812134
39,2.055662155151367
40,2.032695770263672
41,1.7642561197280884
42,1.9737961292266846
43,2.0736427307128906
44,2.062882423400879
45,2.176295280456543
46,2.357084274291992
47,2.4539566040039062
48,2.8423984050750732
49,2.7750461101531982
50,2.448714017868042
51,2.526153564453125
52,2.7833354473114014
53,2.8081955909729004
54,2.765535354614258
55,2.918025255203247
56,2.7963173389434814
57,2.935408115386963
58,2.9708244800567627
59,2.8087997436523438
60,2.95611572265625
61,2.9895691871643066
62,2.935781478881836
63,2.8090641498565674
64,3.009646415710449
65,2.8738551139831543
66,2.9345474243164062
67,2.9607667922973633
68,2.8819172382354736
69,2.8879895210266113
70,2.907504081726074
71,3.0204572677612305
72,3.1009395122528076
73,3.1638269424438477
74,2.9166414737701416
75,2.9034454822540283
76,3.026592254638672
77,3.093289852142334
78,3.0473780632019043
79,3.08636736869812
80,3.1167945861816406
81,3.0333926677703857
82,3.0527467727661133
83,3.036140203475952
84,3.0685272216796875
85,3.089458465576172
86,3.1403744220733643
87,3.0379366874694824
88,3.089296817779541
89,2.8922863006591797
90,2.9142277240753174
91,3.049198865890503
92,3.0156123638153076
93,3.0145347118377686
94,2.991424560546875
95,2.9356746673583984
96,2.9852521419525146
97,3.0805163383483887
98,3.0818278789520264
99,3.077416181564331
100,3.09732985496521
101,3.007807493209839
102,3.134821891784668
103,2.9767093658447266
104,3.044875144958496
105,3.0587971210479736
106,3.1248116493225098
107,3.0938522815704346
108,2.9688658714294434
109,2.997575283050537
110,3.1247096061706543
111,3.0015854835510254
112,3.0255844593048096
113,3.165450096130371
114,3.174736499786377
115,3.0373082160949707
116,3.1628565788269043
117,3.052906036376953
118,3.228346824645996
119,3.0487184524536133
120,3.043421983718872
121,3.1662681102752686
122,2.91086483001709
123,3.060093641281128
124,3.1654157638549805
125,2.9193155765533447
126,2.983901023864746
127,2.987504243850708
128,3.031592607498169
129,3.1282050609588623
130,3.107116937637329
131,3.102389097213745
132,2.988865375518799
133,3.067664384841919
134,3.0130257606506348
135,3.1381380558013916
136,3.0287926197052
137,3.101565361022949
138,3.084669351577759
139,3.041919469833374
140,3.095121383666992
141,3.1872849464416504
142,3.0790178775787354
143,3.0495553016662598
144,3.0629446506500244
145,3.048469305038452
146,3.0375256538391113
147,3.105628252029419
148,3.082364082336426
149,3.0731215476989746
150,3.05607008934021
151,3.0924253463745117
152,3.090935707092285
153,2.9723129272460938
154,2.9561855792999268
155,3.1804699897766113
156,3.072385787963867
157,3.0520994663238525
158,3.112881660461426
159,3.0328798294067383
160,3.0425004959106445
161,3.233436346054077
162,3.226274251937866
163,3.1084868907928467
164,3.0944716930389404
165,3.028601884841919
166,3.0235466957092285
167,3.0407073497772217
168,2.983694314956665
169,3.0531933307647705
170,3.031365156173706
171,3.022294282913208
172,3.042672634124756
173,3.032630205154419
174,2.9439005851745605
175,3.075658082962036
176,3.014134645462036
177,2.9677724838256836
178,3.071518659591675
179,3.0695207118988037
180,3.1686625480651855
181,3.1001834869384766
182,2.9719340801239014
183,3.0595765113830566
184,3.2321884632110596
185,3.069457769393921
186,2.9971425533294678
187,3.1666314601898193
188,3.058999538421631
189,2.9368748664855957
190,3.1189942359924316
191,3.003725290298462
192,3.078667402267456
193,3.0185024738311768
194,3.031487226486206
195,3.092207670211792
196,3.0634114742279053
197,2.9324891567230225
198,3.029282331466675
199,3.1581919193267822
200,3.1581084728240967
201,3.088752508163452
202,2.9907073974609375
203,3.0499188899993896
204,3.1381993293762207
205,2.9074273109436035
206,3.1023123264312744
207,3.135549306869507
208,3.068603038787842
209,3.056912899017334
210,3.1808929443359375
211,2.936882972717285
212,2.9789202213287354
213,3.1206324100494385
214,3.1777055263519287
215,2.999464273452759
216,3.1212220191955566
217,3.175194501876831
218,3.127126693725586
219,3.088803768157959
220,3.0868828296661377
221,3.0842864513397217
222,3.197526454925537
223,3.0872771739959717
224,3.089252233505249
225,3.0311715602874756
226,3.0399277210235596
227,3.12119460105896
228,3.12347674369812
229,3.0921502113342285
230,3.0108683109283447
231,3.036630392074585
232,2.964625597000122
233,2.9488208293914795
234,3.1440558433532715
235,3.099663734436035
236,3.052711009979248
237,3.099452495574951
238,3.1539413928985596
239,3.10970401763916
240,3.1294779777526855
241,3.1750411987304688
242,3.091858386993408
243,3.168084144592285
244,3.1283037662506104
245,3.200727701187134
246,3.07974910736084
247,3.1854124069213867
248,3.114980936050415
249,3.080008029937744
250,3.0601556301116943
251,2.958414077758789
252,3.1681454181671143
253,3.080584764480591
254,3.1506996154785156
255,3.0774896144866943
256,3.1287877559661865
257,3.0760040283203125
258,2.983860969543457
259,3.1617770195007324
260,3.050710916519165
261,3.0489983558654785
262,2.9738123416900635
263,3.040067434310913
264,3.0689778327941895
265,3.1544506549835205
266,3.0244152545928955
267,3.2633986473083496
268,3.205939292907715
269,3.001277446746826
270,3.0578620433807373
271,3.062708854675293
272,3.223684310913086
273,3.0639395713806152
274,3.059657096862793
275,2.9240775108337402
276,3.0748040676116943
277,3.1515438556671143
278,3.0717673301696777
279,3.0253329277038574
280,3.213395833969116
281,3.0842013359069824
282,3.1437718868255615
283,3.2099111080169678
284,3.1288187503814697
285,3.1640233993530273
286,3.1494157314300537
287,3.1558115482330322
288,3.0922646522521973
289,3.151796579360962
290,2.996269702911377
291,3.0691802501678467
292,3.204977512359619
293,3.024925708770752
294,3.0897750854492188
295,3.1211912631988525
296,3.023329734802246
297,3.072923421859741
298,2.9699532985687256
299,3.104437828063965
300,3.1888105869293213
301,3.1452531814575195
302,3.113715887069702
303,3.032135486602783
304,3.191072702407837
305,3.243236541748047
306,3.084104299545288
307,3.264580249786377
308,3.0871646404266357
309,3.0221147537231445
310,3.149463415145874
311,3.0911290645599365
312,3.0523669719696045
313,3.0595266819000244
314,3.0973498821258545
315,3.1648316383361816
316,3.145411491394043
317,3.1133127212524414
318,3.152462959289551
319,3.118574857711792
320,3.226044178009033
321,3.049593210220337
322,3.1293418407440186
323,3.1888468265533447
324,2.9972219467163086
325,3.0085136890411377
326,3.033259868621826
327,3.029406785964966
328,3.201204538345337
329,3.0335588455200195
330,3.149775981903076
331,3.130464792251587
332,3.2430355548858643
333,3.144120931625366
334,3.1005172729492188
335,3.1526739597320557
336,3.0182981491088867
337,3.1796891689300537
338,3.13006329536438
339,3.062983512878418
340,2.9814016819000244
341,2.9120612144470215
342,3.09982967376709
343,2.937300443649292
344,2.9773495197296143
345,3.0984132289886475
346,3.199215888977051
347,3.101844549179077
348,3.0759122371673584
349,3.061379909515381
350,3.088902235031128
351,3.078913927078247
352,3.0327107906341553
353,3.1512646675109863
354,3.2361345291137695
355,3.1316165924072266
356,3.0696582794189453
357,3.0260231494903564
358,3.1289403438568115
359,3.0140981674194336
360,3.1278722286224365
361,3.0081968307495117
362,3.070148229598999
363,3.1496431827545166
364,3.0618977546691895
365,3.146521806716919
366,3.1097567081451416
367,3.148574113845825
368,3.12530517578125
369,3.0059127807617188
370,3.025287628173828
371,3.083173990249634
372,3.137913227081299
373,3.072174549102783
374,3.1174569129943848
375,3.163125514984131
376,3.0983290672302246
377,3.114016056060791
378,3.002229690551758
379,3.1604228019714355
380,2.9722554683685303
381,3.126331090927124
382,3.1651620864868164
383,3.2256767749786377
384,3.0089199542999268
385,3.13944935798645
386,3.1093544960021973
387,2.9320192337036133
388,3.069680690765381
389,3.1916310787200928
390,3.075500965118408
391,3.0949833393096924
392,3.08756947517395
393,3.0944294929504395
394,3.2446300983428955
395,3.0291244983673096
396,2.950438976287842
397,3.1675257682800293
398,3.0887908935546875
399,3.0853960514068604
400,3.1187000274658203
401,3.0381035804748535
402,3.109900712966919
403,3.150084972381592
404,3.207064390182495
405,3.0151290893554688
406,3.1769349575042725
407,3.0490188598632812
408,3.0488715171813965
409,3.0801281929016113
410,3.1340739727020264
411,3.0425572395324707
412,3.1602559089660645
413,3.016207695007324
414,3.0374977588653564
415,3.069244623184204
416,3.0665130615234375
417,3.1484034061431885
418,3.106004476547241
419,3.1693360805511475
420,2.953245162963867
421,3.110333204269409
422,3.1140635013580322
423,3.149927854537964
424,3.0703673362731934
425,2.999324321746826
426,3.01257586479187
427,3.1924045085906982
428,3.055572986602783
429,3.188173294067383
430,3.1182358264923096
431,3.1527950763702393
432,3.2020514011383057
433,3.055171251296997
434,3.1380393505096436
435,2.9508395195007324
436,3.162189483642578
437,3.20695161819458
438,3.0924062728881836
439,3.040144681930542
440,3.0572211742401123
441,3.0480868816375732
442,3.0917704105377197
443,3.1373579502105713
444,3.052811622619629
445,3.058563709259033
446,3.0481116771698
447,3.1105027198791504
448,3.070784330368042
449,3.021880626678467
450,3.056399345397949
451,3.089348554611206
452,3.070827007293701
453,3.1189370155334473
454,3.098116636276245
455,2.9694221019744873
456,3.075190544128418
457,2.992095470428467
458,3.0065674781799316
459,3.0652596950531006
460,3.1297903060913086
461,3.1868648529052734
462,3.1954400539398193
463,3.07847261428833
464,3.048931360244751
465,3.100614070892334
466,3.085592746734619
467,3.0535130500793457
468,3.130934000015259
469,3.1539177894592285
470,3.106705904006958
471,3.1295182704925537
472,3.082974672317505
473,3.101625919342041
474,3.1637375354766846
475,3.062570095062256
476,2.9845850467681885
477,3.090378999710083
478,3.0416808128356934
479,3.103898048400879
480,3.009819507598877
481,3.0151021480560303
482,3.0018274784088135
483,3.1039671897888184
484,3.1364564895629883
485,3.0478034019470215
486,3.137495279312134
487,3.0496156215667725
488,3.164318084716797
489,3.0823943614959717
490,3.109149694442749
491,3.018127202987671
492,3.139317512512207
493,3.0259249210357666
494,3.1255149841308594
495,3.0726184844970703
496,3.1538455486297607
497,3.003140926361084
498,3.1173453330993652
499,3.1542656421661377
