0,-0.9919402599334717
1,-1.5777819156646729
2,-2.107370615005493
3,-2.385715961456299
4,-2.9658100605010986
5,-3.5967113971710205
6,-3.972186326980591
7,-4.118092060089111
8,-3.7988080978393555
9,3.2490317821502686
10,0.3388867974281311
11,-1.633719563484192
12,-1.6855627298355103
13,-1.8314729928970337
14,-2.027313232421875
15,-2.2519896030426025
16,-2.3466615676879883
17,-2.4277431964874268
18,-2.42307186126709
19,-2.366454839706421
20,-2.3071465492248535
21,-2.1379804611206055
22,-1.980432391166687
23,-1.9784435033798218
24,-1.9451223611831665
25,-1.92262601852417
26,-1.969496488571167
27,-2.0771167278289795
28,-2.1201412677764893
29,-2.1292507648468018
30,-2.1756069660186768
31,-2.222421884536743
32,-2.2627406120300293
33,-2.2936041355133057
34,-2.3440747261047363
35,-2.3414134979248047
36,-2.3928091526031494
37,-2.3756628036499023
38,-2.420320510864258
39,-2.3865151405334473
40,-2.365412950515747
41,-2.2859084606170654
42,-2.1810200214385986
43,-2.057778835296631
44,-1.8671483993530273
45,-1.7569175958633423
46,-1.6226743459701538
47,-0.8874873518943787
48,-0.46355611085891724
49,-0.35221514105796814
50,-0.20338821411132812
51,-0.10347745567560196
52,-0.08892566710710526
53,-0.11720140278339386
54,-0.04482411965727806
55,0.05815325304865837
56,0.07350592315196991
57,-0.007669569458812475
58,-0.14914989471435547
59,-0.2162153422832489
60,-0.11885079741477966
61,-0.18157470226287842
62,-0.32061314582824707
63,-0.2445773184299469
64,-0.28496766090393066
65,-0.262306272983551
66,-0.2936192750930786
67,-0.29285019636154175
68,-0.32542476058006287
69,-0.37621811032295227
70,-0.407374769449234
71,-0.40108832716941833
72,-0.484056293964386
73,-0.4982816278934479
74,-0.4966394007205963
75,-0.4672606289386749
76,-0.47520381212234497
77,-0.5131250023841858
78,-0.5578425526618958
79,-0.5697502493858337
80,-0.6086855530738831
81,-0.592165470123291
82,-0.686607837677002
83,-0.7271424531936646
84,-0.7880140542984009
85,-0.7367406487464905
86,-0.7114601135253906
87,-0.7378233671188354
88,-0.7565408945083618
89,-0.7766491174697876
90,-0.8271165490150452
91,-0.8142017126083374
92,-0.9057338237762451
93,-0.9391431212425232
94,-0.9573172926902771
95,-0.9731699228286743
96,-1.0119911432266235
97,-0.9966391921043396
98,-1.012850046157837
99,-0.9963088631629944
100,-0.993692934513092
101,-1.0091440677642822
102,-1.0287240743637085
103,-1.046281099319458
104,-1.0378652811050415
105,-1.052789330482483
106,-1.0745471715927124
107,-1.073686122894287
108,-1.0768780708312988
109,-1.1087749004364014
110,-1.1169148683547974
111,-1.1167091131210327
112,-1.141321063041687
113,-1.1156333684921265
114,-1.0809494256973267
115,-1.1067321300506592
116,-1.1058095693588257
117,-1.0665909051895142
118,-1.0862826108932495
119,-1.088544487953186
120,-1.0786731243133545
121,-1.097602128982544
122,-1.103190302848816
123,-1.122194528579712
124,-1.084485411643982
125,-1.0310090780258179
126,-1.0257562398910522
127,-1.07423734664917
128,-1.0736221075057983
129,-1.0586730241775513
130,-1.0588923692703247
131,-1.043943166732788
132,-1.0472742319107056
133,-1.019924283027649
134,-1.0777039527893066
135,-1.0700302124023438
136,-1.025040626525879
137,-1.0351510047912598
138,-1.0928481817245483
139,-1.0593842267990112
140,-1.0538361072540283
141,-1.0331460237503052
142,-1.0486969947814941
143,-1.0223454236984253
144,-1.039275884628296
145,-1.057919979095459
146,-1.0938936471939087
147,-1.0766009092330933
148,-1.0542529821395874
149,-1.0561606884002686
150,-1.057977318763733
151,-1.0283712148666382
152,-1.0956062078475952
153,-1.1261826753616333
154,-1.0970370769500732
155,-1.1090012788772583
156,-1.1108108758926392
157,-1.0986428260803223
158,-1.1165579557418823
159,-1.1080247163772583
160,-1.072505235671997
161,-1.1369903087615967
162,-1.120959758758545
163,-1.1252013444900513
164,-1.116821050643921
165,-1.081839680671692
166,-1.1222953796386719
167,-1.104630470275879
168,-1.1451486349105835
169,-1.1638274192810059
170,-1.157747507095337
171,-1.1766026020050049
172,-1.1596567630767822
173,-1.1786524057388306
174,-1.1496391296386719
175,-1.1831437349319458
176,-1.1812008619308472
177,-1.1915522813796997
178,-1.1979130506515503
179,-1.2139668464660645
180,-1.2095813751220703
181,-1.2043020725250244
182,-1.2022231817245483
183,-1.1872754096984863
184,-1.2052805423736572
185,-1.1907916069030762
186,-1.2272998094558716
187,-1.226766586303711
188,-1.2288137674331665
189,-1.2233740091323853
190,-1.2252529859542847
191,-1.2350313663482666
192,-1.2177984714508057
193,-1.2139042615890503
194,-1.2017388343811035
195,-1.2346341609954834
196,-1.2187895774841309
197,-1.199680209159851
198,-1.1928188800811768
199,-1.2217297554016113
200,-1.2223294973373413
201,-1.2145437002182007
202,-1.1940850019454956
203,-1.1980324983596802
204,-1.2011624574661255
205,-1.189911961555481
206,-1.177158236503601
207,-1.205029010772705
208,-1.1968094110488892
209,-1.1922723054885864
210,-1.1896640062332153
211,-1.1875005960464478
212,-1.162412166595459
213,-1.1516071557998657
214,-1.1540261507034302
215,-1.1680083274841309
216,-1.1693916320800781
217,-1.1773369312286377
218,-1.162247896194458
219,-1.1341354846954346
220,-1.1507017612457275
221,-1.1205782890319824
222,-1.171478033065796
223,-1.1494849920272827
224,-0.9646149277687073
225,-0.9975779056549072
226,-1.0301446914672852
227,-1.037554383277893
228,-1.0046606063842773
229,-1.052191138267517
230,-1.1479002237319946
231,-1.130975365638733
232,-1.1158093214035034
233,-1.111961007118225
234,-1.1203314065933228
235,-1.1444966793060303
236,-1.125596046447754
237,-1.115710735321045
238,-1.1213948726654053
239,-1.087949514389038
240,-1.0437260866165161
241,-0.9859796762466431
242,-0.9754056930541992
243,-1.0046355724334717
244,-1.0178130865097046
245,-1.0548899173736572
246,-1.0654226541519165
247,-1.0294904708862305
248,-1.0124586820602417
249,-1.0051162242889404
250,-1.0234975814819336
251,-1.015302062034607
252,-0.9899094700813293
253,-1.0070353746414185
254,-1.003740668296814
255,-0.9804168939590454
256,-0.9903384447097778
257,-0.9863238334655762
258,-0.9967289566993713
259,-0.9611127376556396
260,-0.9527962803840637
261,-0.9595806002616882
262,-0.9695145487785339
263,-0.9914898872375488
264,-0.989687442779541
265,-0.9637013673782349
266,-0.9993174076080322
267,-0.9700935482978821
268,-0.9510918259620667
269,-0.9504834413528442
270,-0.9883275032043457
271,-0.987321674823761
272,-1.0061253309249878
273,-1.006196141242981
274,-0.9905403852462769
275,-1.0095022916793823
276,-1.0149774551391602
277,-0.9889005422592163
278,-0.9876949787139893
279,-0.9546213746070862
280,-0.961900532245636
281,-0.9435406923294067
282,-0.9298003911972046
283,-0.9018868803977966
284,-0.8754391074180603
285,-0.8883558511734009
286,-0.8631203770637512
287,-0.8638753890991211
288,-0.8627955317497253
289,-0.8718997240066528
290,-0.8701568841934204
291,-0.884134829044342
292,-0.8604541420936584
293,-0.8522470593452454
294,-0.8504607677459717
295,-0.8501915335655212
296,-0.8650309443473816
297,-0.8319433927536011
298,-0.8294956684112549
299,-0.8238523602485657
300,-0.8437468409538269
301,-0.8082866668701172
302,-0.8323898315429688
303,-0.8429934978485107
304,-0.8523356318473816
305,-0.8608421087265015
306,-0.8514865636825562
307,-0.84854656457901
308,-0.8253375887870789
309,-0.8374378681182861
310,-0.8049772381782532
311,-0.8147112727165222
312,-0.7879453301429749
313,-0.8036355972290039
314,-0.7883073091506958
315,-0.7789453268051147
316,-0.7514693140983582
317,-0.7380383014678955
318,-0.7575886845588684
319,-0.7266472578048706
320,-0.7317749857902527
321,-0.7415916919708252
322,-0.7301163077354431
323,-0.7256132960319519
324,-0.7286268472671509
325,-0.7025502324104309
326,-0.6949058175086975
327,-0.7232916355133057
328,-0.7227421402931213
329,-0.7185823321342468
330,-0.6961387991905212
331,-0.6984599828720093
332,-0.6856173276901245
333,-0.7014279365539551
334,-0.687684178352356
335,-0.6733239889144897
336,-0.6622735857963562
337,-0.654629647731781
338,-0.6642200350761414
339,-0.6632282733917236
340,-0.6731283068656921
341,-0.6895288228988647
342,-0.701295793056488
343,-0.6616503000259399
344,-0.6687744855880737
345,-0.6753503680229187
346,-0.6722308397293091
347,-0.6641345620155334
348,-0.6391136646270752
349,-0.6564526557922363
350,-0.6542825698852539
351,-0.6512446403503418
352,-0.655156135559082
353,-0.6555764079093933
354,-0.6270704865455627
355,-0.5867391228675842
356,-0.5962033867835999
357,-0.5889238715171814
358,-0.6016677618026733
359,-0.6345670223236084
360,-0.6268573999404907
361,-0.6135441660881042
362,-0.6018341779708862
363,-0.6026550531387329
364,-0.6039241552352905
365,-0.5975707173347473
366,-0.5783228278160095
367,-0.5948482155799866
368,-0.594728946685791
369,-0.5594846606254578
370,-0.569581925868988
371,-0.5734802484512329
372,-0.5753211975097656
373,-0.5643540024757385
374,-0.5748088359832764
375,-0.5460387468338013
376,-0.5351698398590088
377,-0.5294848680496216
378,-0.5247385501861572
379,-0.5205796360969543
380,-0.5373669862747192
381,-0.5446784496307373
382,-0.5243568420410156
383,-0.5348758697509766
384,-0.5537481904029846
385,-0.5516610145568848
386,-0.5578031539916992
387,-0.5497764348983765
388,-0.5439910888671875
389,-0.5447684526443481
390,-0.5596343278884888
391,-0.5642922520637512
392,-0.5687097311019897
393,-0.550013542175293
394,-0.5427290201187134
395,-0.5296822786331177
396,-0.5370839834213257
397,-0.5306447744369507
398,-0.5261597037315369
399,-0.5194183588027954
400,-0.5130625367164612
401,-0.514935314655304
402,-0.4942249655723572
403,-0.4982216954231262
404,-0.4876725673675537
405,-0.4877782166004181
406,-0.475634902715683
407,-0.5016629695892334
408,-0.5008383989334106
409,-0.4971142113208771
410,-0.4877156913280487
411,-0.4996463656425476
412,-0.4976499080657959
413,-0.4787644147872925
414,-0.49352726340293884
415,-0.49998143315315247
416,-0.5130165219306946
417,-0.4998275935649872
418,-0.5156473517417908
419,-0.5138694047927856
420,-0.5214597582817078
421,-0.5036430358886719
422,-0.5005055069923401
423,-0.5067750811576843
424,-0.4949416220188141
425,-0.4982694089412689
426,-0.49662500619888306
427,-0.500392735004425
428,-0.5069159865379333
429,-0.5033811330795288
430,-0.499925822019577
431,-0.4826491177082062
432,-0.501736044883728
433,-0.5177140235900879
434,-0.4989587664604187
435,-0.4929862916469574
436,-0.49256667494773865
437,-0.5155953764915466
438,-0.5170526504516602
439,-0.5274248123168945
440,-0.5215874314308167
441,-0.5133687853813171
442,-0.5105711221694946
443,-0.5095304250717163
444,-0.5026089549064636
445,-0.5005066990852356
446,-0.5149974822998047
447,-0.5225602984428406
448,-0.5270371437072754
449,-0.5226175785064697
450,-0.525255024433136
451,-0.5459615588188171
452,-0.5462030172348022
453,-0.5475276708602905
454,-0.5450470447540283
455,-0.5285295248031616
456,-0.5411088466644287
457,-0.5688482522964478
458,-0.5612174868583679
459,-0.5642341375350952
460,-0.563739538192749
461,-0.5523400902748108
462,-0.5446056723594666
463,-0.5355221033096313
464,-0.5682206749916077
465,-0.5614496469497681
466,-0.547997236251831
467,-0.5567683577537537
468,-0.5607501268386841
469,-0.5405068397521973
470,-0.5369997620582581
471,-0.5388216376304626
472,-0.5370632410049438
473,-0.5466464757919312
474,-0.5510996580123901
475,-0.5518856644630432
476,-0.5340446829795837
477,-0.538529098033905
478,-0.5334712266921997
479,-0.5129806995391846
480,-0.529935896396637
481,-0.555199384689331
482,-0.5442587733268738
483,-0.5508302450180054
484,-0.540233314037323
485,-0.5164427757263184
486,-0.5248897671699524
487,-0.5140942335128784
488,-0.502239465713501
489,-0.5111285448074341
490,-0.5280103087425232
491,-0.5299121141433716
492,-0.5245667695999146
493,-0.5182103514671326
494,-0.5238064527511597
495,-0.5222524404525757
496,-0.5163334608078003
497,-0.5309193134307861
498,-0.5205177664756775
499,-0.5374408960342407
